index,year,month,cpi_food_away_from_home,Flour_wpu0212,Mozzarella Cheese_wpu023302122,Tomato Sauce_wpu02440127,Pepperoni_wpu0221050322,Olive Oil_wpu01830181,Green Pepper_wpu01130228,Sausage_wpu02210503,Bacon_wpu0221044724,Ham_wpu0221044722,Salt_wpu02890156,Sugar_wpu025,Water_wpu02620608,fed_int_rate,us_gdp_m,us_umemploy_r,electricity_kwh,reg_gasoline,fnb_shops_emp,home_price_idx
0,2000,1,107.5,112.9,0,116.8,0,0,226.8,0,0,0,0,133.6,0,5.45,13878.15,5.22,0.116,1.32,321.6,100
1,2000,2,107.9,112.7,0,116.1,0,0,210.3,0,0,0,0,132.6,0,5.73,13962.4,5.22,0.116,1.41,326.8,100.37
2,2000,3,107.9,113,0,115.6,0,0,220.5,0,0,0,0,132.9,0,5.85,14046.66,5.21,0.116,1.72,329.5,102.2
3,2000,4,108,112.6,0,114.8,0,0,220.1,0,0,0,0,132.8,0,6.02,14130.91,5.21,0.116,1.72,332.3,103.78
4,2000,5,108.1,112.9,0,115.1,0,0,228.3,0,0,0,0,132.9,0,6.27,14135.71,5.21,0.117,1.63,335.2,105.22
5,2000,6,108.1,113.7,0,115.4,0,0,246.8,0,0,0,0,133,0,6.53,14140.51,5.2,0.116,1.6,337.8,106.4
6,2000,7,108.7,113.3,0,115.2,0,0,189.7,0,0,0,0,132.7,0,6.54,14145.31,5.2,0.116,1.67,338.8,107.37
7,2000,8,109.3,113.4,0,115.7,0,0,229.9,0,0,0,0,132,0,6.5,14173.46,5.2,0.116,1.6,341,108.2
8,2000,9,110,113.8,0,116.1,0,0,250.9,0,0,0,0,132,0,6.52,14201.61,5.19,0.116,1.74,341.5,109.11
9,2000,10,110.5,116.1,0,116.1,0,0,250.2,0,0,0,0,132.2,0,6.51,14229.76,5.19,0.116,1.76,336.8,109.76
10,2000,11,111,115.1,0,116.1,0,0,252.9,0,0,0,0,132.2,0,6.51,14214.21,5.19,0.116,1.72,337,110.86
11,2000,12,111.1,115.5,0,116.1,0,0,187,0,0,0,0,132.2,0,6.4,14198.67,5.18,0.116,1.63,339.9,111.18
12,2001,1,111.3,115.7,0,116.2,0,0,360.2,0,0,0,0,134,0,5.98,14183.12,5.18,0.124,1.56,333.4,111.78
13,2001,2,111.4,116.2,0,116.2,0,0,439.2,0,0,0,0,135.7,0,5.49,14212.64,5.18,0.125,1.61,337.8,112.33
14,2001,3,111.6,117.4,0,116.2,0,0,472.6,0,0,0,0,135.5,0,5.31,14242.17,5.17,0.125,1.65,340.6,113.86
15,2001,4,111.8,117.8,0,116.2,0,0,248,0,0,0,0,135.2,0,4.8,14271.69,5.17,0.126,1.78,342.9,115.41
16,2001,5,112.4,118.5,0,116.4,0,0,189.2,0,0,0,0,135.5,0,4.21,14252.63,5.17,0.129,2,346.8,116.4
17,2001,6,112.6,118.8,0,116.5,0,0,157.7,100,0,0,0,135.2,0,3.97,14233.58,5.16,0.172,1.98,348.9,117.93
18,2001,7,113.8,118.7,0,117.8,0,0,166.2,100.3,0,0,0,135.6,0,3.77,14214.52,5.16,0.172,1.82,348.3,119.04
19,2001,8,114.3,118.1,0,118.8,0,0,196.1,100.1,0,0,0,136,0,3.65,14227.54,5.16,0.175,1.58,348.3,120.78
20,2001,9,115.3,118.4,0,118.9,0,0,195.4,100.1,0,0,0,136.1,0,3.07,14240.55,5.15,0.175,1.6,347.1,121.7
21,2001,10,115.4,120,0,119.3,0,0,206.2,99.9,0,0,0,137.2,0,2.49,14253.57,5.15,0.176,1.46,346.8,122.48
22,2001,11,115.4,119.9,0,119.4,0,0,109,98.8,0,0,0,137.9,0,2.09,14293.31,5.15,0.176,1.29,346.9,122.9
23,2001,12,115.5,119.5,0,119.4,0,0,0,98.6,0,0,0,138.7,0,1.82,14333.04,5.14,0.179,1.1,346.4,123.27
24,2002,1,115.5,119.8,0,119.4,0,0,0,97.1,0,0,0,139.7,0,1.73,14372.78,5.14,0.179,1.19,340.8,124.25
25,2002,2,115.8,119.8,0,119.4,0,0,75.5,96.4,0,0,0,140.4,0,1.74,14402.14,5.14,0.179,1.33,343.4,125.15
26,2002,3,116.3,120.5,0,119.4,0,0,227.4,97.5,0,0,0,141,0,1.73,14431.49,5.13,0.179,1.53,345.5,127.37
27,2002,4,116.9,118.3,0,119.7,0,0,160.3,98.2,0,0,0,141.2,0,1.75,14460.85,5.13,0.179,1.63,351.8,130.16
28,2002,5,117.1,119.1,0,119.7,0,0,229.9,96.9,0,0,0,140.9,0,1.75,14480.44,5.13,0.179,1.56,356.9,132.97
29,2002,6,117.6,119.5,0,119.7,0,0,0,95.3,0,0,0,141.9,0,1.75,14500.04,5.12,0.179,1.57,358.5,136.16
30,2002,7,117.7,122.2,0,119.7,0,0,219,96.8,0,0,0,143,0,1.73,14519.63,5.12,0.179,1.58,354.8,138.63
31,2002,8,118.1,123.7,0,123.1,0,0,236.6,98,0,0,0,142.8,0,1.74,14525.61,5.12,0.179,1.59,356.2,141.36
32,2002,9,118.8,126.5,0,123,0,0,0,96.7,0,0,0,143.3,0,1.75,14531.6,5.11,0.179,1.58,355.9,143.5
33,2002,10,119.1,128.1,0,123.2,0,0,0,96.3,0,0,0,143.6,0,1.75,14537.58,5.11,0.18,1.52,353.5,145.71
34,2002,11,119.7,126.7,0,122.5,0,0,159.8,95.4,0,0,0,143.3,0,1.34,14563.1,5.11,0.18,1.57,353.7,147.52
35,2002,12,119.8,125.2,0,122.5,0,0,194.4,95.3,0,0,0,144.8,0,1.24,14588.62,5.1,0.18,1.52,355.9,148.75
36,2003,1,119.9,128.1,0,122.5,0,0,309.8,95.8,0,0,0,147.5,0,1.24,14614.14,5.1,0.18,1.6,348.6,149.95
37,2003,2,120.2,129.7,0,122.9,0,0,263.6,96.8,0,0,0,148.9,0,1.26,14657.28,5.1,0.18,1.84,351.6,151.1
38,2003,3,120.4,129,0,122.9,0,0,160,96.9,0,0,0,149,0,1.25,14700.43,5.09,0.18,2.12,355.3,153.13
39,2003,4,120.4,128.9,0,123.7,0,0,135.8,98.3,0,0,0,148.7,0,1.26,14743.57,5.09,0.169,2.08,359.2,155.83
40,2003,5,120.5,130,0,123.9,0,0,181.6,99,0,0,0,148.7,0,1.26,14825.31,5.09,0.162,1.84,362.3,158.59
41,2003,6,121.2,129.7,0,123.8,0,0,201.8,99.3,0,0,0,148.7,0,1.22,14907.04,5.08,0.152,1.72,365.8,161.89
42,2003,7,121.3,128.6,0,123.8,0,0,271.3,100.5,0,0,0,149.1,0,1.01,14988.78,5.08,0.152,1.69,364.3,165.27
43,2003,8,121.4,130.2,0,123.7,0,0,248.7,100.6,0,0,0,149.1,0,1.03,15046.77,5.08,0.133,1.87,365.3,169.61
44,2003,9,121.8,129.4,0,125.3,0,0,230.6,100.8,0,0,0,148.6,0,1.01,15104.77,5.07,0.133,2.04,365.8,173.17
45,2003,10,122.3,127.7,0,125.3,0,0,212.5,101.6,0,0,0,148.5,0,1.01,15162.76,5.07,0.138,1.85,364.3,176.14
46,2003,11,122.7,129.8,0,125.5,0,0,199.5,101.7,0,0,0,148.7,0,1,15191.4,5.07,0.138,1.72,364.8,178.67
47,2003,12,122.9,130.6,0,125.5,0,0,171.8,101.9,0,0,0,149,100,0.98,15220.04,5.06,0.138,1.67,366.8,181.52
48,2004,1,123.9,131.1,0,125.6,0,0,326.3,101.5,0,0,0,148.8,100,1,15248.68,5.06,0.136,1.72,361.1,184.77
49,2004,2,124,132,0,125.5,0,0,216.7,100.5,0,0,0,149.3,100,1.01,15288.07,5.06,0.133,1.94,365.5,188.23
50,2004,3,124.1,131.6,0,126,0,0,316.1,102.3,0,0,0,149.7,100,1,15327.46,5.05,0.133,2.15,368.8,194.48
51,2004,4,124.7,131.4,0,126,0,0,186.8,104,0,0,0,149.7,100,1,15366.85,5.05,0.133,2.18,369,201.46
52,2004,5,124.8,133.9,0,125.6,0,0,183.1,104.5,0,0,0,150.2,100,1,15415.44,5.05,0.133,2.29,372.3,208.37
53,2004,6,124.8,133.2,0,125.9,0,0,120.7,105.6,0,0,0,150.1,101.4,1.03,15464.03,5.04,0.131,2.31,373.4,215.47
54,2004,7,125.1,132.6,0,126,0,0,136.4,106.7,0,0,0,150.3,101.4,1.26,15512.62,5.04,0.129,2.19,375.8,220.86
55,2004,8,125.4,130.6,0,126.6,0,0,114.1,107.5,0,0,0,150.3,101.4,1.43,15565.37,5.04,0.134,2.07,376,223.22
56,2004,9,125.9,134.6,0,126.6,0,0,204.2,107.7,0,0,0,153.7,101.4,1.6,15618.13,5.03,0.134,2.08,376.1,223.8
57,2004,10,126.8,133.9,0,128.5,0,0,436,108.3,0,0,0,153.7,101.4,1.76,15670.88,5.03,0.133,2.38,375.6,223.94
58,2004,11,126.7,135.4,0,128.5,0,0,744,108.1,0,0,0,154.2,101.4,1.93,15728.83,5.03,0.136,2.34,374.8,224.37
59,2004,12,127,134.9,0,128.7,0,0,227.3,108.1,0,0,0,155.8,101.4,2.16,15786.78,5.02,0.137,2.12,377.3,226.06
60,2005,1,127.5,134.9,0,128.3,0,0,213.3,108.3,0,0,0,157.2,101.4,2.28,15844.73,5.02,0.139,1.96,366.4,227.79
61,2005,2,128.7,136.1,0,128.6,0,0,322.1,108.5,0,0,0,158.3,101.5,2.5,15870.75,5.02,0.136,2.12,370.4,231.22
62,2005,3,129.4,136.3,0,128.9,0,0,350.9,108.7,0,0,0,158.9,101.5,2.63,15896.76,5.01,0.136,2.34,375.4,235.86
63,2005,4,129.6,134.5,0,128.8,0,0,366.1,109.6,0,0,0,159.4,101.5,2.78,15922.78,5.01,0.134,2.59,380.4,241.46
64,2005,5,130.3,135.4,0,129.8,0,0,205,110,0,0,0,159.9,101,3,15964.38,5.01,0.146,2.5,382.4,246.85
65,2005,6,131.6,136.3,0,129.8,0,0,375.7,109.9,0,0,0,160.8,101.1,3.04,16005.99,5,0.145,2.37,386.3,252.21
66,2005,7,132,136.1,0,129.9,0,0,183.6,109.5,0,0,0,160.5,101.2,3.26,16047.59,5,0.143,2.54,384.2,257.29
67,2005,8,132.6,135.8,0,130,0,0,253.3,109.9,0,0,0,160.9,101.6,3.5,16077.3,5,0.145,2.72,383.9,262.02
68,2005,9,133.2,136.2,0,130,0,0,271.6,109.3,0,0,0,160.9,101.6,3.62,16107.02,5,0.144,2.94,384.6,266.56
69,2005,10,133.5,136.7,0,130.3,0,0,223.7,109.4,0,0,0,162.7,103.5,3.78,16136.73,5,0.148,2.89,382.9,269.54
70,2005,11,133.7,138.5,0,130.1,0,0,465.1,109,0,0,0,164,103.4,4,16209.1,5,0.148,2.57,383.4,271.46
71,2005,12,133.7,137.5,0,130.5,0,0,423.9,108.5,0,0,0,164.4,103.5,4.16,16281.47,4.99,0.148,2.27,386.6,272.92
72,2006,1,134.1,136.9,0,130.5,0,0,526.8,108.3,0,0,0,165.5,103.3,4.29,16353.84,4.99,0.164,2.4,378.5,274.54
73,2006,2,134.7,139.2,0,130.3,0,0,312.6,107.4,0,0,0,165.3,103.3,4.49,16367.94,4.99,0.194,2.53,383.3,277.09
74,2006,3,135.2,138.7,0,130.8,0,0,199,108.1,0,0,0,167,103.2,4.59,16382.05,4.98,0.195,2.61,386.9,278.21
75,2006,4,135.8,142.3,0,131.1,0,0,184.6,108.5,0,0,0,168.5,103.2,4.79,16396.15,4.98,0.194,2.95,390.2,280.23
76,2006,5,136,143.8,0,133.7,0,0,201.4,108.5,0,0,0,168.7,102.9,4.94,16404.35,4.98,0.197,3.35,394,281.53
77,2006,6,136.3,144.7,0,134,0,0,148.7,109.2,0,0,0,169.6,103,4.99,16412.54,4.97,0.191,3.24,396.9,282.42
78,2006,7,136.8,147.6,0,134,0,0,206.9,110.3,0,0,0,170.9,101.3,5.24,16420.74,4.97,0.19,3.24,393.1,283.44
79,2006,8,137.3,144,0,134.9,0,0,140.4,110.9,0,0,0,170.2,101.3,5.25,16467.78,4.97,0.19,3.18,395.2,282.71
80,2006,9,137.6,145.3,0,135.1,0,0,176.9,111.6,0,0,0,167.3,101.4,5.25,16514.83,4.96,0.187,2.89,395,282.27
81,2006,10,138,149.4,0,135.3,0,0,206.2,111,0,0,0,166.2,101.5,5.25,16561.87,4.96,0.2,2.52,393.3,281.72
82,2006,11,138.6,149.6,0,135.4,0,0,207.1,110.1,0,0,0,165.9,101.1,5.25,16578.48,4.95,0.199,2.41,394,281.83
83,2006,12,139.1,147.5,0,135.4,0,0,219.1,107.4,0,0,0,165.2,101.2,5.24,16595.08,4.95,0.197,2.5,396.8,280.64
84,2007,1,140.919,146.8,0,136.8,0,0,203,107.4,0,0,0,169,101.7,5.25,16611.69,4.94,0.197,2.52,386.6,279.66
85,2007,2,141.626,146.9,0,136.8,0,0,294.3,106.9,0,0,0,169.3,101.7,5.26,16645.56,4.94,0.198,2.59,389.8,276.66
86,2007,3,141.366,148.9,0,137.2,0,0,239.9,107.5,0,0,0,169.1,98.9,5.26,16679.44,4.93,0.188,3.04,394.5,274.18
87,2007,4,143.155,151.6,0,137.5,0,0,398.6,107.5,0,0,0,170,98.9,5.25,16713.31,4.93,0.192,3.27,398.2,273.98
88,2007,5,143.16,152.4,0,137.1,0,0,217.8,109.5,0,0,0,169.9,98.8,5.25,16745.4,4.93,0.19,3.41,400.9,273.76
89,2007,6,143.157,156.1,0,137.2,0,0,241.6,110,0,0,0,169.3,98.9,5.25,16777.5,4.92,0.178,3.19,403.6,272.03
90,2007,7,144.785,159.3,0,137.2,0,0,188.9,110.2,0,0,0,169.1,98.9,5.26,16809.59,4.92,0.176,3.06,402.5,269.17
91,2007,8,145.376,163.5,0,137.3,0,0,162.5,110.4,0,0,0,169.2,98.9,5.02,16844.79,4.92,0.176,2.83,403.4,265.43
92,2007,9,146.752,175.4,0,138.8,0,0,154.3,110.9,0,0,0,168.1,99,4.94,16879.99,4.91,0.177,2.86,403.5,261.84
93,2007,10,146.074,185.4,0,138.3,0,0,235.6,110.4,0,0,0,168.7,98.9,4.76,16915.19,4.91,0.177,3.03,402.3,253.6
94,2007,11,146.628,185.7,0,138.8,0,0,341.5,109.4,0,0,0,169.2,99.1,4.49,16891.13,4.91,0.188,3.31,402,243.02
95,2007,12,145.814,197.5,100,138.5,0,0,210.8,108.7,0,0,0,169.4,98.8,4.24,16867.06,4.9,0.188,3.24,402.7,232.84
96,2008,1,146.649,203.3,0,141,0,0,345.9,108,0,0,0,173.7,100,3.94,16843,4.9,0.185,3.2,395.1,224.97
97,2008,2,148.385,224.4,0,142,0,0,304.2,107.6,0,0,0,174,99.3,2.98,16876.43,4.9,0.185,3.14,397.7,215.06
98,2008,3,148.564,233.8,0,143,0,0,395.5,108.2,0,0,0,174.2,98.7,2.61,16909.86,4.9,0.186,3.54,401.7,207.69
99,2008,4,148.667,219.3,0,143.7,0,0,259.7,109.2,0,0,0,177.5,98.9,2.28,16943.29,4.9,0.186,3.77,407.3,202.74
100,2008,5,149.666,212.4,0,143.5,0,0,521.3,109.1,0,0,0,177.9,99.1,1.98,16913.62,4.9,0.185,3.9,407.9,198.85
101,2008,6,149.873,211.7,0,144.8,0,0,432.7,110.5,0,0,0,178.8,99.3,2,16883.96,4.89,0.172,4.46,410.8,195.98
102,2008,7,151.12,203.2,0,145.4,0,0,388.4,113.9,0,0,0,180.2,99.3,2.01,16854.29,4.89,0.173,4.46,409.6,192.13
103,2008,8,151.133,204.1,0,149.4,0,0,212.5,117,0,0,0,182.5,99.1,2,16731.31,4.89,0.172,4.02,408.7,188.76
104,2008,9,152.04,196.5,0,149.7,0,0,180,119.2,0,0,0,183.1,98.7,1.81,16608.33,4.88,0.172,3.71,405.5,184.74
105,2008,10,153.544,187.3,0,150.6,0,0,259.8,119.7,0,0,0,188.2,100.2,0.97,16485.35,4.88,0.182,3.35,401.5,181.66
106,2008,11,153.978,185.3,0,152.3,0,0,334.3,120.9,0,0,0,189.9,100,0.39,16422.99,4.88,0.183,2.43,397.6,179.14
107,2008,12,154.062,180.3,0,154,0,0,212.6,119.5,0,0,0,190.2,100.7,0.16,16360.62,4.88,0.18,1.8,396.4,175.12
108,2009,1,153.402,182.6,0,155,0,0,340.1,118.7,0,0,0,192.2,99.4,0.15,16298.26,4.88,0.179,1.95,386.2,171.01
109,2009,2,154.726,181.3,0,155.1,0,0,339.5,118,0,0,0,191.8,99.3,0.22,16288.55,4.88,0.179,2.18,385.9,167.59
110,2009,3,154.414,182.1,0,154.5,0,0,380.2,118.4,0,0,0,192.2,98.9,0.18,16278.85,4.87,0.179,2.15,387.1,165.38
111,2009,4,155.099,180.3,0,154.8,0,0,288.3,118.3,0,0,0,192.1,99.5,0.15,16269.14,4.87,0.18,2.29,388.8,164.2
112,2009,5,155.099,180.6,0,154.8,0,0,160.6,118.3,0,0,0,191.9,98.7,0.18,16288.19,4.87,0.193,2.46,393.1,164.08
113,2009,6,155.841,186.3,0,154.8,0,0,282.7,119.1,0,0,0,192.1,98.9,0.21,16307.23,4.86,0.185,2.9,392.8,165.15
114,2009,7,156.57,175.8,0,155,0,0,315,118.1,0,0,0,192.3,97.4,0.16,16326.28,4.86,0.184,2.86,391.7,167.52
115,2009,8,156.697,172.7,0,155.7,0,0,126.5,117.6,0,0,0,192.4,97.2,0.16,16385.1,4.86,0.183,2.99,390.2,170.11
116,2009,9,157.302,169.5,0,155.2,0,0,146.8,117.2,0,0,0,193,97.2,0.15,16443.93,4.86,0.182,3.06,389.6,172.2
117,2009,10,157.056,170.9,0,156.5,0,0,216.8,117.1,0,0,0,193.8,97.2,0.12,16502.75,4.86,0.199,3,388.9,172.74
118,2009,11,157.027,171.5,0,156.8,0,0,294.8,117.3,0,0,0,194.9,96.9,0.12,16529.4,4.86,0.197,2.94,385.2,175.55
119,2009,12,156.99,171.2,0,155.6,0,0,160.6,117.9,0,0,0,198.1,97.2,0.12,16556.06,4.85,0.198,2.9,384.6,176.49
120,2010,1,157.517,170.3,0,156.7,0,0,204.2,117.9,0,0,0,199.1,97.7,0.11,16582.71,4.85,0.187,3.01,376.5,177.16
121,2010,2,158.569,170.7,0,154.9,0,0,363.9,119.6,0,0,0,200.4,98.8,0.13,16636.19,4.85,0.188,2.93,378.1,175.83
122,2010,3,158.657,168.5,0,155.6,0,0,728.1,121.4,0,0,0,200.9,97.3,0.16,16689.68,4.84,0.204,3.03,380.6,176.42
123,2010,4,158.738,167.9,0,154.8,0,0,345.4,122.2,0,0,0,200.7,96.9,0.2,16743.16,4.84,0.201,3.06,388.9,178.4
124,2010,5,158.529,170.3,0,155.2,0,0,187.4,124.1,0,0,0,200.4,101.8,0.2,16786.2,4.84,0.203,3.07,391.5,180.6
125,2010,6,159.271,167.5,0,155.1,0,0,253.6,124.6,0,0,0,200.2,96.5,0.18,16829.23,4.84,0.19,3.04,393.8,180.83
126,2010,7,159.338,171.8,74.7,152.9,0,0,254.1,125.7,0,0,0,198.4,95.5,0.18,16872.27,4.84,0.192,3.08,393.3,180.2
127,2010,8,159.517,182.7,79.5,154,0,0,167.9,127.9,0,0,0,198.3,94.2,0.19,16901.8,4.84,0.19,3.07,394.3,180.03
128,2010,9,160.072,183,83.9,151.7,0,0,278.5,127.6,0,0,0,200.6,94,0.19,16931.33,4.83,0.191,2.94,394.9,179.03
129,2010,10,160.036,183.6,85.8,151.5,0,0,218.1,128.3,0,0,0,203.7,92.9,0.19,16960.86,4.83,0.205,3.06,391.9,177.87
130,2010,11,160.392,189.3,81.7,152.7,0,0,221,127.3,0,0,0,204.2,92.9,0.19,16947.45,4.83,0.202,3.1,390.7,176.69
131,2010,12,160.681,192.3,75.3,152,0,0,236.6,126.7,0,0,0,204.7,93.3,0.18,16934.04,4.82,0.203,3.21,392.3,174.95
132,2011,1,160.643,197.1,73.4,151.4,0,0,312,128,0,0,0,207.1,93.4,0.17,16920.63,4.82,0.206,3.31,387.7,173.73
133,2011,2,161.836,206,86.4,150.7,0,0,891.5,128.2,0,0,0,210.9,93.5,0.16,16958.79,4.82,0.206,3.44,390.5,171.3
134,2011,3,161.886,198.1,94.8,152.2,0,0,473.9,131,0,0,0,211.8,93.1,0.14,16996.95,4.81,0.207,3.92,393.2,170.35
135,2011,4,162.218,207.1,83.3,153.5,0,0,267.8,135,0,0,0,213.8,93.1,0.1,17035.11,4.81,0.206,4.15,399.2,170.39
136,2011,5,162.483,206.6,85.2,153.3,0,0,280.7,133.7,0,0,0,214.3,94.6,0.09,17033.84,4.81,0.206,4.16,402.7,170.31
137,2011,6,162.494,206.7,93.9,153.3,0,0,288.7,135.3,0,0,0,217.2,95.2,0.09,17032.58,4.8,0.184,3.9,403.1,169.68
138,2011,7,162.971,205.2,100.1,154.1,0,0,195.8,136.1,0,0,0,218.5,95.7,0.07,17031.31,4.8,0.185,3.78,403.7,169.93
139,2011,8,163.468,208.9,101.8,152.9,0,0,187.3,136.8,0,0,0,217.2,95.6,0.1,17095.07,4.8,0.186,3.74,405.6,169.35
140,2011,9,163.334,209.2,92.8,153.6,0,0,188.2,139,0,0,0,218.1,95.1,0.08,17158.82,4.79,0.186,3.9,408.1,168.59
141,2011,10,163.978,204.6,88.7,153.4,0,0,222.6,138.7,0,0,0,217.7,95.4,0.07,17222.58,4.79,0.199,3.82,404.3,167.03
142,2011,11,164.12,204.8,90.5,154.2,0,0,256.3,138.4,0,0,0,218.9,95.3,0.08,17270.72,4.79,0.204,3.76,406.5,166.5
143,2011,12,164.095,200.2,89.9,153.3,100,0,202.9,138.2,100,100,100,216.3,95.6,0.07,17318.87,4.78,0.204,3.56,405.7,164.81
144,2012,1,165.884,199.6,84.2,154.5,0,0,264.8,140.1,0,0,97.6,218,95.7,0.08,17367.01,4.78,0.204,3.7,402.9,162.78
145,2012,2,165.566,204.1,80.4,154.6,0,0,230.1,140,0,0,99.7,218.7,96,0.1,17392.85,4.78,0.204,3.96,406,162.52
146,2012,3,165.367,205.4,78.6,154.6,0,0,291.9,139.8,0,0,98,218.4,96.4,0.13,17418.69,4.77,0.204,4.34,410.4,163.34
147,2012,4,165.5,205.6,79.5,154.6,0,0,292,139,0,0,98.3,219.3,97.8,0.14,17444.53,4.77,0.204,4.21,418.7,165.01
148,2012,5,165.671,203.7,79.1,153.4,0,0,286.1,139.1,0,0,100.7,218.8,97.1,0.16,17452.9,4.77,0.204,4.29,424,166.79
149,2012,6,166.406,203.9,80.8,155.5,0,0,373.8,139.1,0,0,101.3,219.1,98.7,0.16,17461.28,4.76,0.193,3.99,427.2,168.21
150,2012,7,166.538,211.7,83.3,155.5,0,0,222.9,138.9,0,0,101.5,218.1,97.5,0.16,17469.65,4.76,0.193,3.76,425,170.04
151,2012,8,166.759,209.9,87.7,155.8,0,0,228.9,139.2,0,0,100.4,217.7,97.3,0.13,17476.38,4.76,0.193,4.03,427.9,172.27
152,2012,9,167.215,212.5,90.6,155,0,0,231.5,139.1,0,0,101.4,217.1,95.8,0.14,17483.12,4.75,0.193,4.13,428.3,173.52
153,2012,10,167.475,212.7,97.5,156.1,0,0,223.3,138.8,0,0,101.7,217.6,96.2,0.16,17489.85,4.75,0.211,4.46,426.3,174.55
154,2012,11,167.835,214.7,98.8,156.2,0,0,311.1,138.8,0,0,103.5,215.2,96.6,0.16,17547.37,4.75,0.211,3.88,428.8,175.63
155,2012,12,167.816,213.6,93.8,156.2,0,0,203.9,139.3,0,0,103.1,214.7,96.8,0.16,17604.88,4.74,0.211,3.63,429.7,178.26
156,2013,1,168.126,212.6,89.9,156.4,0,0,238.5,139.5,0,0,104,217.7,95.8,0.14,17662.4,4.74,0.232,3.71,424.8,180.54
157,2013,2,168.142,209.3,86.4,156.5,0,0,192.1,139.2,0,0,104.7,218.1,95.3,0.14,17678.16,4.74,0.232,4.19,429.6,184.4
158,2013,3,168.816,207.6,86.2,156.6,0,0,189.8,138.8,0,0,103.6,218.1,96.3,0.14,17693.91,4.73,0.232,4.18,433.6,187.84
159,2013,4,169.45,207.7,88,157.5,0,0,375.8,138.4,0,0,104.9,218,95.9,0.14,17709.67,4.73,0.216,4,440.2,192.24
160,2013,5,169.165,211.6,92.7,157.4,0,0,370,138.3,0,0,104.4,217.4,94.9,0.11,17759.93,4.73,0.216,4.01,446.5,197.31
161,2013,6,169.331,212.1,90,157,0,0,366,139.5,0,0,104.4,217.8,95,0.09,17810.19,4.73,0.203,4.03,449.8,203.06
162,2013,7,169.371,210.1,88.1,156.7,0,0,183.8,140.3,0,0,104.7,218.1,93.7,0.09,17860.45,4.73,0.203,4.07,450.9,207.71
163,2013,8,169.64,206.9,89.5,156.6,0,0,283.5,142.4,0,0,105.6,217.3,95.3,0.08,17912.35,4.73,0.203,3.92,452.3,211.36
164,2013,9,170.17,206.3,89.6,156.9,0,0,209.2,142.2,0,0,105.2,216.9,94.8,0.08,17964.25,4.72,0.203,3.97,451.9,214.08
165,2013,10,170.356,209.6,92.1,156.7,0,0,214.6,141.5,0,0,105.9,216.1,95.2,0.09,18016.15,4.72,0.215,3.72,451,215.58
166,2013,11,171.608,207.2,94.4,156.4,0,0,246.1,140.9,0,0,105.1,213.1,94.8,0.08,17995.42,4.72,0.215,3.61,453.3,215.81
167,2013,12,171.467,206.4,95.2,156.6,0,0,212.2,140.2,0,0,106.3,213.9,95.4,0.09,17974.7,4.71,0.22,3.62,453.7,216.13
168,2014,1,171.15,208.5,102.9,156.4,0,0,522.6,139.6,0,0,106.6,212,94.9,0.07,17953.97,4.71,0.215,3.62,450.8,217
169,2014,2,172.126,209.1,111.1,157,0,0,331.3,140.1,0,0,104.4,209.6,94.8,0.07,18031.28,4.71,0.215,3.77,456.5,217.48
170,2014,3,172.993,213.8,109.6,156.6,0,0,364.2,144.1,0,0,104.3,210.5,94.3,0.08,18108.6,4.7,0.215,4.01,460.8,220.41
171,2014,4,173.546,211.5,115.4,156,0,0,268.5,152.3,0,0,104.4,210.7,94.1,0.09,18185.91,4.7,0.178,4.23,464.5,222.56
172,2014,5,174.005,213.8,108.5,156.3,0,0,413.3,154.8,0,0,106.3,210.9,92.7,0.09,18259.59,4.7,0.215,4.16,470.9,224.85
173,2014,6,174.58,209.6,103,156.7,0,0,539.9,158.8,0,0,104.8,211.8,93.8,0.1,18333.26,4.7,0.224,4.11,472.5,225.77
174,2014,7,174.357,209.6,102.7,156.5,0,0,411.3,157.9,0,0,106.5,213,93,0.09,18406.94,4.7,0.215,4.04,473.5,226.8
175,2014,8,174.05,206.4,104.1,157.2,0,0,240.4,163.2,0,0,104.9,213,95.4,0.09,18437.97,4.7,0.215,3.83,477.1,226.63
176,2014,9,174.462,212.2,114,158.3,0,0,251.1,164.1,0,0,104.8,216.1,94.9,0.09,18469,4.69,0.216,3.72,475.5,226.78
177,2014,10,174.271,209.3,113.3,158.7,0,0,432.7,159.1,0,0,104.5,217.1,94.4,0.09,18500.03,4.69,0.223,3.48,474.8,226.88
178,2014,11,174.653,209.8,110.2,158.9,0,0,434.7,158.4,0,0,104.7,216.4,95.8,0.09,18555.56,4.69,0.223,3.15,476.2,226.36
179,2014,12,174.949,212,96,159.3,0,0,259.5,157.8,0,0,105.1,216.5,94.5,0.12,18611.09,4.68,0.223,2.79,475.3,228.04
180,2015,1,174.953,204,86.4,158.6,0,0,260.9,150.1,0,0,105.9,217.8,93.7,0.11,18666.62,4.68,0.216,2.5,472.1,228.69
181,2015,2,176.589,204.6,83.1,159.6,0,0,183.7,147.7,0,0,106,218.3,93.6,0.11,18705.16,4.68,0.216,2.83,478.4,230.98
182,2015,3,177.551,204.6,82.8,161.1,0,0,168.4,151.7,0,0,106.1,218,91.6,0.11,18743.7,4.68,0.215,3.33,481.5,232.28
183,2015,4,178.057,202.6,83.4,159.2,0,0,377.5,150.4,0,0,105,218.1,91.1,0.12,18782.24,4.68,0.217,3.19,486.6,235.13
184,2015,5,179.463,203.3,85.4,159,0,0,359.6,153,0,0,106.9,218.6,91.7,0.12,18807.3,4.68,0.217,3.86,491.3,237.63
185,2015,6,181.339,202.7,88.1,159.2,0,0,202.5,153.3,0,0,107.1,218.9,91.7,0.13,18832.36,4.67,0.206,3.58,493.9,239.56
186,2015,7,181.165,202.1,87.6,159.3,0,0,493.5,155,0,0,107,219.2,91.1,0.13,18857.42,4.67,0.206,3.98,498.2,240.99
187,2015,8,180.918,193.7,89,151.7,0,0,310,153.4,0,0,105.2,218.6,91.6,0.14,18869.02,4.67,0.205,3.64,499.5,241.4
188,2015,9,180.822,191.7,89,149.2,0,100,346.2,152.7,0,0,106.1,218.9,91.5,0.14,18880.61,4.66,0.205,3.16,498.6,242.48
189,2015,10,180.884,193.5,88.7,153.5,0,100,306.7,151.7,0,0,107.1,218.7,91.5,0.12,18892.21,4.66,0.213,2.92,501.4,242.17
190,2015,11,181.63,192.8,86.9,153.8,0,98.9,294.1,153.9,0,0,107.3,217.3,92.6,0.12,18928.7,4.66,0.213,2.81,500.5,243.43
191,2015,12,182.131,195.2,83,150.1,0,97.5,299.6,149.3,0,0,106.8,217.5,92.1,0.24,18965.2,4.66,0.209,2.8,501.4,243.87
192,2016,1,182.271,194.1,80,150.1,0,103.8,712.5,148.3,0,0,106.7,218.2,91,0.34,19001.69,4.66,0.213,2.87,495.8,245.24
193,2016,2,182.354,193.2,79.6,151.5,0,103.3,0,148.3,0,0,107.3,218.4,90.9,0.38,19022.03,4.66,0.213,2.46,501,246.07
194,2016,3,182.32,193.7,79.8,150.3,0,103.9,414.1,149.3,0,0,107.9,219.4,91.7,0.36,19042.37,4.65,0.213,2.69,504.9,248.53
195,2016,4,182.554,193.6,78.6,150.5,0,103.3,505.7,150.9,0,0,108.2,220.2,91.1,0.37,19062.71,4.65,0.211,2.79,511.4,250.85
196,2016,5,182.692,194.4,76,151.7,0,103.9,228.1,153.3,0,0,108.1,217.8,90,0.37,19107.79,4.65,0.211,2.76,514.8,252.86
197,2016,6,182.746,194.3,76.8,149.6,0,104.3,415.6,154.7,0,0,108.6,217.4,90.8,0.38,19152.86,4.64,0.21,2.84,517.3,254.79
198,2016,7,182.889,190.3,80.6,149.8,0,103.3,371.6,157.2,0,0,108.6,218.4,90.9,0.39,19197.94,4.64,0.21,2.8,518.1,256.2
199,2016,8,182.957,189.1,88.4,150.6,0,102.5,273.2,155.9,0,0,104.4,217.8,90.9,0.4,19233.41,4.64,0.21,2.6,520.9,256.96
200,2016,9,182.669,189,90.9,150.4,0,101.3,323,154.8,0,0,104.4,217.5,90.7,0.4,19268.88,4.64,0.21,2.69,520.6,256.6
201,2016,10,183.035,190.9,85.7,149.3,103.2,100.8,327.4,151.8,101.4,109.7,104.4,217.9,92,0.4,19304.35,4.64,0.222,2.74,521.1,256.53
202,2016,11,183.031,190.1,90.4,151.8,99.4,101.2,237.5,150.5,101.3,106.1,104.6,213.8,92.2,0.41,19335.68,4.64,0.19,2.74,520.2,257.58
203,2016,12,182.786,190,91.2,152.1,99.1,101.8,230,149.9,102.6,105.9,104.6,213.5,92.4,0.54,19367.01,4.63,0.19,2.64,519.2,258.93
204,2017,1,182.97,191.1,90.2,151.7,100.1,109.3,246.3,148.6,104.7,106.4,106.8,213.7,89.2,0.65,19398.34,4.63,0.184,2.77,512.1,260.94
205,2017,2,183.254,191.2,88.8,152,99.1,109.4,523.3,149.5,115.2,107.1,107.3,215.1,88.2,0.66,19434.54,4.63,0.184,2.89,517.3,263.45
206,2017,3,183.752,189.2,83.4,150,101.5,109.3,400,150.4,120.2,113.2,107.4,215.9,88.2,0.79,19470.75,4.62,0.184,2.98,523.6,266.3
207,2017,4,183.544,187.6,81.4,150.8,103.3,109.5,309.7,153.6,119.2,105.2,107.2,215.9,88.7,0.9,19506.95,4.62,0.186,2.97,529.3,268
208,2017,5,183.365,190.5,80.8,153.3,105.4,109.5,301.8,156.5,113.3,105.1,107.1,216.3,86.9,0.91,19558.22,4.62,0.186,2.96,533.4,270.48
209,2017,6,183.979,193.8,83.8,151.5,107.4,109.5,521.1,158.3,120.6,105.6,106.8,216.9,86.9,1.04,19609.5,4.61,0.178,2.91,535.2,272.01
210,2017,7,183.991,203.7,81.9,151.5,109.5,109.5,456.9,160.9,128.5,105.9,107,216.7,87.6,1.15,19660.77,4.61,0.178,2.83,535.2,274.22
211,2017,8,185.074,195.7,85.4,152.4,110.1,108.6,252.9,163.9,137.9,106.3,107.1,216.7,87.2,1.16,19734.63,4.61,0.178,2.92,535.9,274.67
212,2017,9,185.586,193.8,84.6,151,110.2,109.4,216,161.7,134.2,107.7,107.1,216.6,87.2,1.15,19808.49,4.6,0.178,3.08,533.6,275.34
213,2017,10,185.758,193.5,86.1,154,107.1,110.4,222,158,115.8,107.5,107.4,217.5,87,1.15,19882.35,4.6,0.187,2.98,534.5,275.41
214,2017,11,186.439,195.5,85.8,153.3,106.1,110.5,396.6,156.6,111.2,106.4,107.6,218.2,86.6,1.16,19936.26,4.6,0.186,3.15,533.4,276.53
215,2017,12,186.869,193.6,83.2,153,105.1,110.6,401.7,156.2,108.5,105,107.4,217.8,86.8,1.3,19990.17,4.6,0.187,3.04,532.3,277.81
216,2018,1,188.329,194.5,80.9,153.2,105.5,117.3,407.5,156,115.4,105.5,107.4,217.1,87.2,1.41,20044.08,4.6,0.181,3.22,523.9,279.71
217,2018,2,188.343,193.7,80.5,153.1,105.6,118.3,266.1,156.5,120.7,105.6,108,217.7,87,1.42,20079.55,4.6,0.181,3.36,528.7,281.79
218,2018,3,187.884,195.1,81.5,152.3,106.5,117.3,191.5,158.4,119.6,105.3,108.6,218.3,87.2,1.51,20115.01,4.59,0.181,3.43,532,284.87
219,2018,4,192.251,195.7,81.3,153.4,106.4,117.3,255.7,157.9,113.8,106,108.7,220,86.9,1.69,20150.48,4.59,0.18,3.56,538.1,286.68
220,2018,5,192.364,196,84.1,153.4,107.3,118.2,594,158,110.2,106,108.9,219.8,86.7,1.7,20192.37,4.59,0.18,3.69,542,288.41
221,2018,6,192.373,196.5,83.4,153.4,107.3,117.4,330.9,157.7,108.5,106.5,109,219.1,86.6,1.82,20234.26,4.58,0.178,3.64,542.2,289.65
222,2018,7,192.802,194.4,81.9,153.2,107.7,117.4,284,159.1,118.3,106.3,108.9,218.3,86.7,1.91,20276.15,4.58,0.182,3.6,542.1,291.27
223,2018,8,192.907,196.3,82.7,154,108.7,117.4,268.5,158.6,121.6,106.7,111.4,218.6,87,1.91,20285.72,4.58,0.182,3.57,544,291.47
224,2018,9,193.123,194,83.9,154.7,107.9,117.3,235.3,157,119.6,106.6,111.9,218.4,87.4,1.95,20295.3,4.57,0.17,3.64,540.4,290.21
225,2018,10,193.155,194.7,83.8,154.6,106.3,118.3,369.9,157,114.7,105.3,110.5,218.1,87.4,2.19,20304.87,4.57,0.184,3.81,541.8,289.43
226,2018,11,194.208,195,79.6,157.3,106.1,117.5,646.9,155.4,117.6,104.5,113.5,219.3,87,2.2,20347.13,4.57,0.184,3.6,539.9,287.34
227,2018,12,194.397,195,77.1,158.8,105.3,117.5,469.8,154.7,120.1,103.6,111.8,219.6,87.6,2.27,20389.38,4.56,0.184,3.37,539.6,287.03
228,2019,1,194.422,194,77.2,157.1,104.3,120.4,558.4,152.5,124.2,105.9,112.1,219.6,88.2,2.4,20431.64,4.56,0.183,3.24,530.5,284.54
229,2019,2,194.36,194.5,79.1,157.7,104.1,121.3,359.4,152.7,125.4,107.3,111.8,220.4,88.7,2.4,20488.52,4.56,0.183,3.28,535.9,285.48
230,2019,3,195.182,193.7,81.4,158.1,104.1,122.2,424.2,155,116.6,105.5,112.5,220.2,88.9,2.41,20545.4,4.55,0.185,3.43,540.6,287.04
231,2019,4,195.17,193,83.1,158.2,104.3,122.3,369.6,156.5,116.6,101.7,112.3,221.1,88.6,2.42,20602.28,4.55,0.186,3.95,544.5,290.92
232,2019,5,194.857,192,85.6,158.1,109.8,122.3,490,161.6,128.7,106.8,112.6,221.2,88.8,2.39,20682.63,4.55,0.186,3.97,549.6,293.14
233,2019,6,196.262,195.2,86.9,158.2,113.3,121.1,316.3,163.1,123.8,129.3,114,221.8,89.1,2.38,20762.97,4.54,0.189,3.7,550.5,294.57
234,2019,7,196.711,194.4,89.9,158.2,114.4,121.1,347.6,165.3,121.8,110.3,113.1,222.4,88.7,2.4,20843.32,4.54,0.191,3.65,547.8,294.13
235,2019,8,196.744,191.4,90.5,158.1,113.1,121,259,165.7,129.2,113.8,111.5,225,89.1,2.13,20890.7,4.53,0.187,3.52,548.5,294.4
236,2019,9,197.715,190.4,93.4,159.5,113.3,120.1,188.2,164.2,126,114.2,113,225.6,89.1,2.04,20938.07,4.53,0.188,3.73,547.2,295.09
237,2019,10,198.339,194.2,95.9,159.3,112.9,121,245.4,165.4,127.5,112.7,113.3,225.4,89.3,1.83,20985.45,4.52,0.19,4.1,549.6,295.63
238,2019,11,198.339,194.8,99.5,160.9,109.5,121.1,331.4,161.5,122.9,111.1,113.8,226.4,89.6,1.55,20888.05,4.52,0.19,3.92,548.7,297.43
239,2019,12,198.31,194.9,96.6,161.7,106.9,121.1,252.1,159.7,122.2,113.7,113.2,227.1,89,1.55,20790.64,4.51,0.19,3.6,546.5,298.38
240,2020,1,198.249,196.4,94.1,161.5,109.9,124.5,610.3,159.6,113.6,117,112.6,227.3,89.5,1.55,20693.24,4.51,0.193,3.51,537.6,300.16
241,2020,2,198.475,195.2,93.4,160.7,108.6,124.5,384.4,159.2,114.4,115.6,111.9,227.2,89.5,1.58,20147.7,4.51,0.193,3.49,542.7,301.64
242,2020,3,198.759,195,89.9,161.2,110.9,124.4,416.6,160.4,110.3,113.6,113,226.6,88.1,0.65,19602.16,4.5,0.193,3.23,524.7,305.14
243,2020,4,199.425,195.7,78.7,161.4,108,122.6,345.2,160.1,106.8,111,110.6,225.3,88.9,0.05,19056.62,4.5,0.191,2.83,295.1,305.83
244,2020,5,199.763,194.7,76.4,161.2,108.8,122.7,504,168.1,96.4,100.1,108.5,225.9,90.6,0.05,19554.01,4.5,0.199,2.74,324.3,305.63
245,2020,6,201.685,195.2,99.6,159,113.3,123.3,533.7,171.7,99.1,110.7,108.1,224.1,90.7,0.08,20051.4,4.49,0.198,2.91,383.3,307.82
246,2020,7,200.591,195.2,113.5,159.4,118.6,123.5,506.4,168.1,110.1,110.5,105.5,223.9,91.2,0.09,20548.79,4.49,0.2,3.03,379.4,313.15
247,2020,8,202.014,193.8,99.8,159,121.5,124.2,260.6,173.3,106.8,112.8,103,223.2,90.9,0.1,20623.09,4.49,0.2,3.09,383.9,317.63
248,2020,9,203.052,195.3,97.9,160.5,117,124.4,409.6,167.6,118.1,112.8,103,224.5,90.9,0.09,20697.39,4.48,0.199,3.12,394.7,322.15
249,2020,10,201.58,196.2,111.3,161.1,114.7,125.3,517.9,167.8,125.7,119.8,102.9,223.7,92.3,0.09,20771.69,4.48,0.208,3.08,407.7,325.95
250,2020,11,201.72,197.7,112.6,162,117.2,126.3,341.7,168.4,130.8,115.8,103.5,219.7,91.9,0.09,20867.25,4.48,0.208,3.03,410.7,328.97
251,2020,12,201.855,197.6,91.9,161.9,116,127.3,365.7,169,129.9,118.1,108.3,219.1,91.9,0.09,20962.82,4.47,0.208,3.06,370.2,330.71
252,2021,1,201.915,201.8,91,162.5,113.9,131.6,418,166.7,118.1,118,108.1,219.2,92.5,0.09,21058.38,4.47,0.207,3.22,344.9,334.88
253,2021,2,202.261,201.3,86.2,162,114.2,132.7,239,168.3,123.1,116,108.3,219.1,91.8,0.08,21168.59,4.47,0.219,3.44,395.4,339.91
254,2021,3,202.67,204.5,85.7,162.6,114.7,129.7,294.1,171,131.4,114.3,108.7,220.9,91.7,0.07,21278.79,4.46,0.219,3.72,412.7,348.97
255,2021,4,202.9,204.3,89,163.3,118.4,130.7,377.2,180.9,146.8,115.3,109,221.5,92.4,0.07,21389,4.46,0.22,3.84,437.8,355.21
256,2021,5,204.899,211.3,90.4,163.9,127.2,132.6,401.4,183.7,151.2,117,109.6,222.6,91.8,0.06,21449.81,4.46,0.22,4,453.6,362.31
257,2021,6,204.966,211.2,85.1,161.9,132.5,133.4,331,187.6,156.3,121.2,110.5,223.6,92.8,0.08,21510.61,4.46,0.218,4.23,468.1,369.56
258,2021,7,206.824,217.552,86.376,163.853,135.607,134.368,331.041,191.447,154.318,121.308,111.035,223.9,93.576,0.1,21571.42,4.46,0.221,4.32,486.7,374.43
259,2021,8,207.31,226.896,87.173,163.306,134.77,135.192,260.95,198.791,160.263,122.087,110.907,226.45,94.434,0.09,21701.08,4.46,0.221,4.36,492.9,377.86
260,2021,9,210.067,227.627,87.714,166.09,142.809,135.281,292.061,198.809,158.903,123.979,109.531,229.709,94.624,0.08,21830.73,4.45,0.222,4.38,493.6,380.88
261,2021,10,210.568,233.04,90.109,169.45,145.547,136.32,337.167,197.934,160.787,124.212,110.959,231.248,97.376,0.08,21960.39,4.45,0.239,4.46,501.4,384.24
262,2021,11,210.521,236.775,88.564,169.098,142.862,137.298,386.752,197.762,150.337,123.691,110.404,230.085,97.681,0.08,21941.54,4.45,0.24,4.63,503.2,388.94
263,2021,12,211.71,238.232,91.666,171.331,139.586,139.416,295.288,193.332,142.797,125.557,112.665,230.801,98.501,0.08,21922.7,4.45,0.24,4.66,505.7,393.6
264,2022,1,211.806,237.954,96.147,174.041,134.905,148.19,471.848,189.77,137.591,128.009,114.592,232.947,99.89,0.08,21903.85,4.45,0.248,4.65,492.4,401.93
265,2022,2,213.474,240.472,94.53,176.104,137.159,150.27,201.853,194.502,139.325,127.717,115.988,236.915,100.98,0.08,21908.97,4.45,0.248,4.75,506,412.89
266,2022,3,213.814,250.35,102.465,177.384,141.316,156.071,574.703,201.194,153.731,127.309,116.667,239.252,103.3,0.2,21914.1,4.44,0.258,5.76,512.8,426.99
267,2022,4,213.997,258.717,108.573,179.618,143.468,158.77,704.326,204.437,154.573,128.184,118.996,240.661,106.455,0.33,21919.22,4.44,0.251,5.83,519.3,434.98
268,2022,5,215.088,272.687,112.745,188.074,143.331,160.767,442.68,208.003,148.812,128.419,119.746,243.476,106.601,0.77,21968.41,4.44,0.254,5.98,525.4,438.48
269,2022,6,218.945,272.483,112.025,193.976,146.211,158.911,685.727,204.986,148.16,135.166,119.735,243.812,110.117,1.2,22017.59,4.44,0.249,6.36,530,435.57
270,2022,7,220.606,265.315,108.767,193.459,146.082,159.838,420.859,206.233,145.872,123.79,121.536,247.328,111.049,1.68,22066.78,4.44,0.247,5.96,531.3,426.42
271,2022,8,220.798,262.25,101.341,194.531,147.571,159.98,362.206,212.768,143.804,139.806,122.126,249.903,112.316,2.33,22127.67,4.44,0.247,5.36,533,415.86
272,2022,9,221.474,272.585,99.646,199.507,146.529,160.771,334.428,211.735,145.128,133.702,124.569,252.634,113.331,2.56,22188.57,4.43,0.247,5.49,531.3,408.6
273,2022,10,222.016,277.106,104.831,202.044,143.02,161.722,387.36,208.438,143.651,142.446,123.99,253.687,113.487,3.08,22249.46,4.43,0.26,6.03,531.9,404.6
274,2022,11,222.09,279.486,104.181,207.064,142.576,161.722,554.816,209.595,132.719,143.054,126.561,252.689,113.721,3.78,22300.79,4.43,0.26,5.32,532.7,401.95
275,2022,12,224.396,275.912,106.283,208.003,140.784,161.722,468.077,205.475,134.011,143.471,127.27,252.208,115.072,4.1,22352.11,4.43,0.26,4.54,531,400.33
276,2023,1,224.386,275.85,104.465,207.6,139.263,171.17,575.991,202.462,131.315,125.489,123.8,253.282,116.184,4.33,22403.44,4.43,0.271,4.49,521.9,399.6
277,2023,2,225.682,276.41,99.355,208.374,137.63,171.073,439.894,202.048,125.86,127.264,123.076,259.254,116.97,4.57,22448.77,4.43,0.271,4.7,529.3,402.17
278,2023,3,227.327,270.852,98.918,209.603,139.315,172.062,565.094,206.024,124.383,144.879,131.163,260.484,118.021,4.65,22494.09,4.43,0.269,4.87,535.3,407.84
279,2023,4,230.117,268.622,98.89,209.373,140.705,172.02,373.596,205.324,123.982,144.352,129.597,261.389,117.822,4.83,22539.42,4.43,0.269,4.89,537.3,416.65
280,2023,5,230.426,270.148,92.757,216.504,139.176,171.074,478.223,200.087,119.974,143.191,125.483,263.387,118.574,5.06,22619.92,4.43,0.269,4.84,543.8,422.16
281,2023,6,234.295,265.497,88.419,216.38,138.941,171.521,358.395,200.861,118.641,120.259,128.357,266.223,117.789,5.08,22700.43,4.42,0.273,4.89,544.9,426.44
282,2023,7,233.605,265.714,84.778,217.285,138.647,170.671,321.988,204.462,116.856,146.226,127.412,268.013,117.237,5.12,22780.93,4.42,0.28,4.95,545.3,430.45
283,2023,8,237.69,264.516,94.999,219.121,144.634,170.584,455.685,211.277,121.26,144.131,127.346,268.433,120.357,5.33,22840.82,4.42,0.28,5.23,547.5,434.5
284,2023,9,240.429,264.713,98.318,224.201,145.605,171.413,322.739,207.804,128.071,146.282,131.508,265.717,119.934,5.33,22900.71,4.42,0.28,5.76,543.1,433.34
285,2023,10,238.267,263.364,94.505,225.362,144.481,171.413,318.827,205.707,128.072,145.25,131.536,266.347,117.693,5.33,22960.6,4.42,0.287,5.72,546.3,435.12
286,2023,11,239.041,262.779,91.832,227.514,142.137,170.534,431.231,207.524,119.355,141.254,131.428,266.476,119.239,5.33,22991.58,4.42,0.287,5.08,547.3,431.14
287,2023,12,239.135,264.332,89.422,226.849,137.45,169.625,346.574,207.077,114.862,143.584,131.674,267.161,119.712,5.33,23022.56,4.42,0.288,4.74,544.8,435.62
288,2024,1,239.526,263.484,86.066,226.963,136.324,172.799,529.351,202.651,110.816,141.412,130.929,268.23,119.01,5.33,23053.54,4.42,0.285,4.6,534.4,436.57
289,2024,2,239.705,263.221,88.311,230.359,131.261,173.745,693.727,200.021,113.305,133.791,130.906,275.13,118.11,5.33,23110.33,4.42,0.285,4.74,540.9,442.44
290,2024,3,241.155,260.653,86.981,223.374,135.344,171.967,483.6,204.92,118.148,127.426,131.338,279.807,117.926,5.33,23167.12,4.41,0.291,4.96,543,449.52
291,2024,4,241.539,259.383,85.41,225.06,132.832,174.792,400.91,207.665,121.694,137.977,131.434,286.849,118.104,5.33,23223.91,4.41,0.287,5.32,549,457.78
292,2024,5,243.508,263.12,94.858,223.489,134.494,174.692,356.969,207.454,122.165,141.335,131.093,285.287,118.852,5.33,,4.41,0.286,5.17,554.7,461.76
293,2024,6,244.043,260.644,96.863,223.664,138.905,173.142,764.287,208.462,124.419,128.621,131.464,289.165,117.055,5.33,,4.41,0.277,4.81,555.2,466.1
294,2024,7,244.672,258.948,99.373,223.431,138.015,173.083,526.007,212.217,123.885,144.554,131.771,289.147,119.27,5.33,,4.41,0.282,4.66,556.9,466.87
295,2024,8,246.49,258.76,100.232,223.232,136.949,173.083,479.533,210.671,129.008,143.721,131.544,292.498,119.592,5.33,,4.41,0.282,4.54,556.4,